"","CustomerID","recency","frequency","monetary","recency.log","frequency.log","monetary.log","recencyScaled","frequencyScaled","monetaryScaled","CustImp"
"1",18102,1,57,230518.12,0,4.04305126783455,12.3480851838481,0,0.287179487179487,1,0.429059829059829
"2",12748,1,196,27214.9,0,5.27811465923052,10.2115235708683,0,1,0.118059699601923,0.372686566533974
"3",17450,9,44,185453.33,2.19722457733622,3.78418963391826,12.1305590782981,0.0219178082191781,0.220512820512821,0.80450651775227,0.34897904882809
"4",16795,366,1,414.88,5.90263333340137,0,6.02823032629831,1,0,0.00179977174896273,0.333933257249654
"5",16065,366,1,372.09,5.90263333340137,0,5.91940447657156,1,0,0.0016141464280552,0.333871382142685
"6",17978,366,1,300.92,5.90263333340137,0,5.70717670772422,1,0,0.00130540714109589,0.333768469047032
"7",13369,366,1,263.75,5.90263333340137,0,5.57538075985168,1,0,0.00114416168238748,0.333714720560796
"8",17456,366,1,249.86,5.90263333340137,0,5.52130090506088,1,0,0.00108390611549322,0.333694635371831
"9",15945,366,1,181,5.90263333340137,0,5.19904936488937,1,0,0.00078518773274743,0.333595062577582
"10",14355,366,1,174.4,5.90263333340137,0,5.16192474164248,1,0,0.000756556577851667,0.333585518859284
"11",14437,366,1,0,5.90263333340137,0,-2.30258509299405,1,0,0,0.333333333333333
"12",17880,365,1,458.92,5.89989735358249,0,6.12909378209602,0.997260273972603,0,0.00199081963708536,0.333083697869896
"13",16727,365,1,272.82,5.89989735358249,0,5.60917871194722,0.997260273972603,0,0.0011835078301003,0.332814593934234
"14",15723,365,1,203.1,5.89989735358249,0,5.31419071570433,0.997260273972603,0,0.000881058721110514,0.332713777564571
"15",14082,365,1,182.25,5.89989735358249,0,5.20592791725469,0.997260273972603,0,0.000790610299962537,0.332683628090855
"16",16565,365,1,173.7,5.89989735358249,0,5.15790521283129,0.997260273972603,0,0.000753519940211208,0.332671264637605
"17",17251,363,1,283.28,5.89440283426485,0,5.64678875313608,0.991780821917808,0,0.00122888387255631,0.331003235263455
"18",16499,361,2,319.1,5.88887795833288,0.693147180559945,5.76581786557565,0.986301369863014,0.00512820512820513,0.0013842729586724,0.33093794931663
"19",15454,363,1,179.1,5.89440283426485,0,5.18850250054083,0.991780821917808,0,0.000776945430580468,0.33085258911613
"20",18004,363,1,169.47,5.89440283426485,0,5.13326582091904,0.991780821917808,0,0.000735169972755287,0.330838663963521
"21",15503,363,1,147.09,5.89440283426485,0,4.9917242692045,0.991780821917808,0,0.000638084329336019,0.330806302082381
"22",16665,363,1,135.4,5.89440283426485,0,4.90897164031976,0.991780821917808,0,0.000587372480740343,0.33078939813285
"23",14413,363,1,122.7,5.89440283426485,0,4.81055701571304,0.991780821917808,0,0.00053227919783486,0.330771033705214
"24",15361,362,1,418.92,5.89164421182577,0,6.03791865147987,0.989041095890411,0,0.00181729748620195,0.330286131125538
"25",17303,362,1,250.04,5.89164421182577,0,5.52202076112076,0.989041095890411,0,0.0010846869651722,0.330041927618528
"26",17524,362,1,145,5.89164421182577,0,4.97742315989014,0.989041095890411,0,0.000629017796952361,0.329890037895788
"27",16812,361,1,479.35,5.88887795833288,0,6.17263961359969,0.986301369863014,0,0.00207944607564906,0.329460271979554
"28",16202,361,1,365.27,5.88887795833288,0,5.90091053876713,0.986301369863014,0,0.00158456090132958,0.329295310254781
"29",15224,359,2,310.48,5.88332238848828,0.693147180559945,5.73844151714104,0.980821917808219,0.00512820512820513,0.00134687893515703,0.32909900062386
"30",13948,361,1,102,5.88887795833288,0,4.62595272517062,0.986301369863014,0,0.000442481484752695,0.328914617115922
"31",17525,360,1,422.7,5.88610403145016,0,6.04689925399608,0.983561643835616,0,0.00183369532946043,0.328465113055026
"32",17551,360,1,306.84,5.88610403145016,0,5.72665228874695,0.983561643835616,0,0.00133108841942664,0.328297577418348
"33",13295,360,1,201.2,5.88610403145016,0,5.30479633264575,0.983561643835616,0,0.000872816418943552,0.328144820084853
"34",17752,360,1,80.64,5.88610403145016,0,4.39123411542479,0.983561643835616,0,0.000349820656180954,0.327970488163932
"35",18050,360,1,74.4,5.88610403145016,0,4.31079912538551,0.983561643835616,0,0.000322751200643143,0.327961465012087
"36",13874,359,1,540.45,5.88332238848828,0,6.29258713973878,0.980821917808219,0,0.00234450116112347,0.327722139656448
"37",18176,359,1,448.65,5.88332238848828,0,6.10646593980249,0.980821917808219,0,0.00194626782484605,0.327589395211022
"38",15789,359,1,351.3,5.88332238848828,0,5.861925175753,0.980821917808219,0,0.00152395829013355,0.327448625366118
"39",17496,359,1,271.05,5.88332238848828,0,5.60267217328707,0.980821917808219,0,0.00117582947492371,0.327332582427714
"40",17691,359,1,147.9,5.88332238848828,0,4.99721227376411,0.980821917808219,0,0.000641598152891408,0.32715450532037
"41",14373,359,1,76.55,5.88332238848828,0,4.33924960531782,0.980821917808219,0,0.000332078016253126,0.327051331941491
"42",12967,359,1,0,5.88332238848828,0,-2.30258509299405,0.980821917808219,0,0,0.326940639269406
"43",15204,358,1,316.58,5.8805329864007,0,5.75789180030323,0.978082191780822,0,0.00137334106316675,0.326485177614663
"44",13033,358,1,190.55,5.8805329864007,0,5.25043928630357,0.978082191780822,0,0.000826616146270844,0.326302935975698
"45",15160,358,1,158.16,5.8805329864007,0,5.06423925018105,0.978082191780822,0,0.000686106584593003,0.326256099455138
"46",17343,356,1,193.64,5.87493073085203,0,5.26651705399824,0.972602739726027,0,0.000840020732426588,0.324480920152818
"47",16270,354,1,1141.24,5.86929691313377,0,7.03995828969796,0.967123287671233,0,0.00495076048685457,0.324024682719362
"48",15279,355,1,277.41,5.87211778947542,0,5.62585696857324,0.96986301369863,0,0.00120341949691417,0.323688811065181
"49",15460,355,1,216.76,5.87211778947542,0,5.37925198404404,0.96986301369863,0,0.000940316535637199,0.323601110078089
"50",13304,352,1,300.42,5.8636311755981,0,5.70551430750096,0.961643835616438,0,0.00130323811420985,0.320982357910216
"51",13922,352,1,172.25,5.8636311755981,0,5.14952729296287,0.961643835616438,0,0.000747229762241684,0.320797021792893
"52",15562,352,1,134.55,5.8636311755981,0,4.90267881925761,0.961643835616438,0,0.00058368513503407,0.320742506917157
"53",15464,339,1,1048.85,5.82600010738045,0,6.95554494281799,0.926027397260274,0,0.00454996769885161,0.310192454986375
"54",16282,340,1,168.3,5.82894561761021,0,5.12634210180823,0.928767123287671,0,0.000730094449841947,0.309832405912504
"55",12829,337,2,253.05,5.82008293035236,0.693147180559945,5.53398219841592,0.920547945205479,0.00512820512820513,0.00109774450702617,0.30892463161357
"56",15266,339,1,119.3,5.82600010738045,0,4.7824792009585,0.926027397260274,0,0.00051752981500977,0.308848309025095
"57",13187,338,1,236.02,5.82304589548302,0,5.46434015037249,0.923287671232877,0,0.00102386745128756,0.308103846228055
"58",17406,334,2,1226.62,5.8111409929767,0.693147180559945,7.11209921981058,0.912328767123288,0.00512820512820513,0.00532114351791521,0.307592705256469
"59",15649,337,1,306,5.82008293035236,0,5.72391184595137,0.920547945205479,0,0.00132744445425809,0.307291796553246
"60",14889,337,1,135.9,5.82008293035236,0,4.91265488573605,0.920547945205479,0,0.000589541507626385,0.307045828904369
"61",15607,337,1,104.76,5.82008293035236,0,4.65262612714439,0.920547945205479,0,0.000454454513163651,0.307000799906214
"62",17128,335,1,157.09,5.81413053182507,0,5.05745526474015,0.915068493150685,0,0.000681464867056872,0.305249986005914
"63",18032,335,1,73.5,5.81413053182507,0,4.29864502573483,0.915068493150685,0,0.000318846952248266,0.305129113367644
"64",16850,334,1,332.41,5.8111409929767,0,5.80666993483163,0.912328767123288,0,0.00144201245437886,0.304590259859222
"65",15326,334,1,311.71,5.8111409929767,0,5.74239402795031,0.912328767123288,0,0.00135221474129669,0.304560327288195
"66",15100,334,1,65.7,5.8111409929767,0,4.18661983833127,0.912328767123288,0,0.000285010132826001,0.304204592418705
"67",15171,332,1,1034.5,5.80513496891649,0,6.94177015756941,0.906849315068493,0,0.00448771662722219,0.303779010565238
"68",17569,333,1,344.14,5.80814248998044,0,5.84133908853034,0.90958904109589,0,0.00149289782512542,0.303693979640339
"69",15346,333,1,252.42,5.80814248998044,0,5.53149045349942,0.90958904109589,0,0.00109501153314976,0.303561350876347
"70",16351,333,1,153.9,5.80814248998044,0,5.03695260241363,0.90958904109589,0,0.00066762647552392,0.303418889190471
"71",13144,333,1,110.95,5.80814248998044,0,4.70998055034044,0.90958904109589,0,0.000481307066012858,0.303356782720634
"72",14270,332,1,492.65,5.80513496891649,0,6.20000194603283,0.906849315068493,0,0.0021371421908178,0.302995485753104
"73",14185,332,1,197.65,5.80513496891649,0,5.28700360664776,0.906849315068493,0,0.000857416328052649,0.302568910465515
"74",18085,331,1,386.05,5.80211837537706,0,5.95622589501527,0.904109589041096,0,0.00167470565871351,0.30192809823327
"75",15510,331,1,250,5.80211837537706,0,5.52186083788357,0.904109589041096,0,0.00108451344302131,0.301731367494706
"76",16315,331,1,226.37,5.80211837537706,0,5.42261248581964,0.904109589041096,0,0.000982005232386938,0.301697198091161
"77",13284,331,1,196.15,5.80211837537706,0,5.27938935666252,0.904109589041096,0,0.000850909247394522,0.301653499429497
"78",15447,331,1,155.17,5.80211837537706,0,5.04516553699308,0.904109589041096,0,0.000673135803814468,0.30159424161497
"79",13385,330,1,534.57,5.79909265446053,0,6.28164973415288,0.901369863013699,0,0.00231899340494361,0.301229618806214
"80",18106,330,1,430.7,5.79909265446053,0,6.06564394528223,0.901369863013699,0,0.00186839975963712,0.301079420924445
"81",12872,327,2,599.97,5.78996017089725,0.693147180559945,6.39704631507779,0.893150684931507,0.00512820512820513,0.00260270212163799,0.30029386406045
"82",18212,327,1,248.42,5.78996017089725,0,5.51552332519549,0.893150684931507,0,0.00107765931806142,0.298076114749856
"83",13859,327,1,201.16,5.78996017089725,0,5.30459760450519,0.893150684931507,0,0.000872642896792669,0.298007775942767
"84",15316,327,1,165,5.78996017089725,0,5.10655135092608,0.893150684931507,0,0.000715778872394066,0.297955487934634
"85",14238,327,1,146.85,5.78996017089725,0,4.99009239286493,0.893150684931507,0,0.000637043196430719,0.297929242709313
"86",18233,326,1,440,5.78689738136671,0,6.08700197381705,0.89041095890411,0,0.00190874365971751,0.297439900854609
"87",13898,326,1,155.93,5.78689738136671,0,5.05004829645309,0.89041095890411,0,0.000676432724681253,0.29702913054293
"88",15395,326,1,107.45,5.78689738136671,0,4.67795585571374,0.89041095890411,0,0.00046612387781056,0.296959027593973
"89",15422,324,2,97.7,5.78074351579233,0.693147180559945,4.58292457704077,0.884931506849315,0.00512820512820513,0.000423827853532729,0.296827846610351
"90",12346,326,1,0,5.78689738136671,0,-2.30258509299405,0.89041095890411,0,0,0.296803652968037
"91",17890,323,2,602.09,5.77765232322266,0.693147180559945,6.40057301013095,0.882191780821918,0.00512820512820513,0.00261189879563481,0.296643961581919
"92",14090,325,1,76.32,5.78382518232974,0,4.33624444201875,0.887671232876712,0,0.000331080263885546,0.296000771046866
"93",17862,324,1,330.9,5.78074351579233,0,5.80211837537706,0.884931506849315,0,0.00143546199318301,0.295455656280833
"94",15262,324,1,178.95,5.78074351579233,0,5.18766509644444,0.884931506849315,0,0.000776294722514655,0.295235933857277
"95",13008,324,1,178.47,5.78074351579233,0,5.18498068120903,0.884931506849315,0,0.000774212456704054,0.295235239768673
"96",17094,323,1,270.2,5.77765232322266,0,5.5995324532824,0.882191780821918,0,0.00117214212921743,0.294454640983712
"97",15174,323,1,135.75,5.77765232322266,0,4.91155133587236,0.882191780821918,0,0.000588890799560572,0.294260223873826
"98",16387,323,1,94.36,5.77765232322266,0,4.54817646446797,0.882191780821918,0,0.000409338753933964,0.294200373191951
"99",14068,321,1,265.85,5.77144112313002,0,5.58330832118833,0.876712328767123,0,0.00115327159530886,0.292621866787477
"100",15213,319,2,325.05,5.76519110278484,0.693147180559945,5.78428661431516,0.871232876712329,0.00512820512820513,0.00141008437861631,0.292590388739717
"101",15167,321,1,163,5.77144112313002,0,5.09436350962697,0.876712328767123,0,0.000707102764849896,0.292473143843991
"102",17714,321,1,153,5.77144112313002,0,5.03109130266364,0.876712328767123,0,0.000663722227129043,0.292458683664751
"103",15881,313,5,438.24,5.74620319054015,1.6094379124341,6.08299486495357,0.854794520547945,0.0205128205128205,0.00190110868507864,0.292402816581948
"104",14130,320,1,483.86,5.76832099579377,0,6.18200225867328,0.873972602739726,0,0.00209901069816117,0.292023871145962
"105",15661,318,2,309.8,5.76205138278018,0.693147180559945,5.7362496647937,0.868493150684931,0.00512820512820513,0.00134392905859201,0.291655094957243
"106",15052,320,1,215.78,5.76832099579377,0,5.37472269775044,0.873972602739726,0,0.000936065242940555,0.291636222660889
"107",16222,319,1,846.72,5.76519110278484,0,6.74148815730962,0.871232876712329,0,0.00367311688990002,0.291635331200743
"108",15820,320,1,206.98,5.76832099579377,0,5.3331051920337,0.873972602739726,0,0.000897890369746205,0.291623497703157
"109",14782,320,1,200.1,5.76832099579377,0,5.29931686688112,0.873972602739726,0,0.000868044559794258,0.29161354909984
"110",14368,320,1,155,5.76832099579377,0,5.04407007018249,0.873972602739726,0,0.000672398334673214,0.291548333691466
"111",13551,320,1,91.8,5.76832099579377,0,4.52070102936164,0.873972602739726,0,0.000398233336277426,0.291456945358668
"112",15222,319,1,585,5.76519110278484,0,6.37178277279419,0.871232876712329,0,0.00253776145666987,0.291256879389666
"113",15107,312,5,131.66,5.74300318780948,1.6094379124341,4.88098208586938,0.852054794520548,0.0205128205128205,0.000571148159632744,0.291046254397667
"114",13615,319,1,399.99,5.76519110278484,0,5.99168952179928,0.871232876712329,0,0.00173517812829638,0.290989351613542
"115",14248,319,1,302.58,5.76519110278484,0,5.71267614182632,0.871232876712329,0,0.00131260831035755,0.290848495007562
"116",13002,319,1,120.95,5.76519110278484,0,4.79620368338407,0.871232876712329,0,0.000524687603733711,0.290585854772021
"117",16757,319,1,106.83,5.76519110278484,0,4.67217441476857,0.871232876712329,0,0.000463434284471867,0.290565436998934
"118",13703,319,1,99.5,5.76519110278484,0,4.60116216459055,0.871232876712329,0,0.000431636350322482,0.29055483768755
"119",13328,317,1,1308.48,5.75890177387728,0,7.17669785880975,0.865753424657534,0,0.00567625659969811,0.290476560419077
"120",17912,311,5,295.61,5.73979291217923,1.6094379124341,5.68937924434546,0.849315068493151,0.0205128205128205,0.00128237207556612,0.290370087027179
"121",17062,314,3,354.83,5.74939298590825,1.09861228866811,5.87192058693368,0.857534246575342,0.0102564102564103,0.00153927161994901,0.289776642817234
"122",16124,318,1,187.15,5.76205138278018,0,5.23244462239733,0.868493150684931,0,0.000811866763445754,0.289768339149459
"123",17118,318,1,157.02,5.76205138278018,0,5.05700984460616,0.868493150684931,0,0.000681161203292826,0.289724770629408
"124",13506,317,1,151.7,5.75890177387728,0,5.02256386496153,0.865753424657534,0,0.000658082757225332,0.28880383580492
"125",18095,313,2,580.05,5.74620319054015,0.693147180559945,6.36328669079355,0.854794520547945,0.00512820512820513,0.00251628809049805,0.287479671255549
"126",15808,307,3,2703.32,5.7268477475872,1.09861228866811,7.90227291711365,0.838356164383562,0.0102564102564103,0.0117271475231535,0.286779907387708
"127",15415,314,1,572.81,5.74939298590825,0,6.35072863631543,0.857534246575342,0,0.00248488058118815,0.28667304238551
"128",17431,314,1,403.3,5.74939298590825,0,5.99992862552011,0.857534246575342,0,0.00174953708628198,0.286427927887208
"129",13161,314,1,112.75,5.74939298590825,0,4.72605950326354,0.857534246575342,0,0.000489115562802612,0.286007787379382
"130",15448,313,1,494.64,5.74620319054015,0,6.20403237205001,0.854794520547945,0,0.00214577491782425,0.285646765155256
"131",17239,313,1,379.95,5.74620319054015,0,5.94030282301205,0.854794520547945,0,0.00164824353070379,0.28548092135955
"132",13963,309,3,513.24,5.73334127689775,1.09861228866811,6.24093839366822,0.843835616438356,0.0102564102564103,0.00222646271798503,0.285439496470917
"133",16725,303,6,652.92,5.71373280550937,1.79175946922805,6.48160775667877,0.827397260273973,0.0256410256410256,0.0028324020688699,0.285290229327956
"134",13600,313,1,219.52,5.74620319054015,0,5.39189878016957,0.854794520547945,0,0.000952289564048154,0.285248936703998
"135",17619,313,1,218.52,5.74620319054015,0,5.38733506286569,0.854794520547945,0,0.000947951510276069,0.285247490686074
"136",16403,313,1,161.05,5.74620319054015,0,5.08233560826145,0.854794520547945,0,0.000698643559994329,0.28516438803598
"137",14411,311,1,1063,5.73979291217923,0,6.96894444729456,0.849315068493151,0,0.00461135115972662,0.284642139884292
"138",14850,312,1,325.75,5.74300318780948,0,5.78643715277839,0.852054794520548,0,0.00141312101625677,0.284489305178935
"139",13494,312,1,316.26,5.74300318780948,0,5.75688080565122,0.852054794520548,0,0.00137195288595968,0.284475582468836
"140",14549,312,1,289.24,5.74300318780948,0,5.66760246720144,0.852054794520548,0,0.00125473867303794,0.284436511064529
"141",14496,312,1,234.47,5.74300318780948,0,5.45775405080453,0.852054794520548,0,0.00101714346794083,0.28435731266283
"142",17356,312,1,178.22,5.74300318780948,0,5.18357968907761,0.852054794520548,0,0.000773127943261033,0.284275974154603
"143",12929,312,1,105.1,5.74300318780948,0,4.65586330030361,0.852054794520548,0,0.00045592945144616,0.284170241323998
"144",15940,312,1,31.8,5.74300318780948,0,3.4626060097908,0.852054794520548,0,0.000137950109952311,0.284064248210167
"145",18250,311,1,342.92,5.73979291217923,0,5.83778875450393,0.849315068493151,0,0.00148760539952347,0.283600891297558
"146",15226,311,1,154.41,5.73979291217923,0,5.04025881916233,0.849315068493151,0,0.000669838882947683,0.283328302458699
"147",17223,311,1,133.95,5.73979291217923,0,4.89821286468197,0.849315068493151,0,0.000581082302770819,0.283298716931974
"148",14457,311,1,113.64,5.73979291217923,0,4.73391514187865,0.849315068493151,0,0.000492976430659768,0.283269348307937
"149",13800,310,1,558.32,5.73657229747919,0,6.32511136742567,0.846575342465753,0,0.00242202218203064,0.282999121549261
"150",14497,310,1,457.47,5.73657229747919,0,6.12592987847591,0.846575342465753,0,0.00198452945911584,0.282853290641623
"151",16030,310,1,331.24,5.73657229747919,0,5.80314503851039,0.846575342465753,0,0.00143693693146552,0.282670759799073
"152",13581,310,1,118,5.73657229747919,0,4.77153172320332,0.846575342465753,0,0.000511890345106059,0.282362410936953
"153",17291,309,1,550.8,5.73334127689775,0,6.31155330447867,0.843835616438356,0,0.00238940001766456,0.28207500548534
"154",17226,309,1,393.49,5.73334127689775,0,5.97530975835128,0.843835616438356,0,0.00170698077877782,0.281847532405711
"155",15090,309,1,381.32,5.73334127689775,0,5.94390113017637,0.843835616438356,0,0.00165418666437155,0.281829934367576
"156",17392,307,2,457.91,5.7268477475872,0.693147180559945,6.12689101793696,0.838356164383562,0.00512820512820513,0.00198643820277556,0.281823602571514
"157",17517,309,1,153.94,5.73334127689775,0,5.03721230894671,0.843835616438356,0,0.000667799997674803,0.28150113881201
"158",13819,302,3,1140.35,5.71042701737487,1.09861228866811,7.03917820034256,0.824657534246575,0.0102564102564103,0.00494689961899741,0.279953614707328
"159",13584,307,1,142.4,5.7268477475872,0,4.95934199970871,0.838356164383562,0,0.000617738857144939,0.279657967746902
"160",14438,307,1,131.9,5.7268477475872,0,4.88280192258637,0.838356164383562,0,0.000572189292538044,0.2796427845587
"161",12956,307,1,108.07,5.7268477475872,0,4.6837040636422,0.838356164383562,0,0.000468813471149253,0.27960832595157
"162",14600,306,1,393.33,5.72358510195238,0,5.97490316130876,0.835616438356164,0,0.00170628669017429,0.279107575015446
"163",14048,306,1,375.13,5.72358510195238,0,5.92753917129173,0.835616438356164,0,0.00162733411152234,0.279081257489229
"164",17358,304,2,365.85,5.71702770140622,0.693147180559945,5.90249671204724,0.83013698630137,0.00512820512820513,0.00158707697251739,0.278950756134031
"165",17334,303,2,306.6,5.71373280550937,0.693147180559945,5.72587007112021,0.827397260273973,0.00512820512820513,0.00133004728652134,0.2779518375629
"166",17859,305,1,148.21,5.72031177660741,0,4.99930467775387,0.832876712328767,0,0.000642942949560755,0.277839885092776
"167",17881,305,1,133.35,5.72031177660741,0,4.89372687585053,0.832876712328767,0,0.000578479470507568,0.277818397266425
"168",16405,303,2,167.25,5.71373280550937,0.693147180559945,5.12008742765734,0.827397260273973,0.00512820512820513,0.000725539493381258,0.277750334965186
"169",15753,305,1,79.2,5.72031177660741,0,4.3732381286408,0.832876712328767,0,0.000343573858749152,0.277740095395839
"170",15970,304,1,314.1,5.71702770140622,0,5.75002972582152,0.83013698630137,0,0.00136258268981198,0.277166522997061
"171",17843,304,1,205.48,5.71702770140622,0,5.32583525258478,0.83013698630137,0,0.000891383289088077,0.277009456530153
"172",15843,304,1,118.95,5.71702770140622,0,4.77954357293287,0.83013698630137,0,0.00051601149618954,0.276884332599186
"173",13672,302,2,0,5.71042701737487,0.693147180559945,-2.30258509299405,0.824657534246575,0.00512820512820513,0,0.27659524645826
"174",14081,303,1,481.15,5.71373280550937,0,6.17638688560199,0.827397260273973,0,0.00208725457243882,0.276494838282137
"175",14431,303,1,397.76,5.71373280550937,0,5.98610018460883,0.827397260273973,0,0.00172550426838463,0.276374254847452
"176",13706,303,1,330.79,5.71373280550937,0,5.80178599386046,0.827397260273973,0,0.00143498480726808,0.27627741502708
"177",16425,303,1,302.7,5.71373280550937,0,5.71307252156329,0.827397260273973,0,0.0013131288768102,0.276236796383594
"178",18159,302,1,530.15,5.71042701737487,0,6.27334859344479,0.824657534246575,0,0.00229981920727099,0.275652451151282
"179",14176,298,3,414.45,5.6970934865054,1.09861228866811,6.02719359456223,0.813698630136986,0.0102564102564103,0.00179790638584073,0.275250982259746
"180",16897,300,2,213.03,5.7037824746562,0.693147180559945,5.36190230817315,0.819178082191781,0.00512820512820513,0.000924135595067321,0.275076807638351
"181",16084,300,1,436.18,5.7037824746562,0,6.07828423906054,0.819178082191781,0,0.00189217229430814,0.273690084828696
"182",15236,299,1,321.05,5.70044357339069,0,5.7719083037038,0.816438356164384,0,0.00139273216352797,0.272610362775971
"183",13893,298,1,821.1,5.6970934865054,0,6.71076668514478,0.813698630136986,0,0.0035619759522592,0.272420202029748
"184",16494,297,1,826.53,5.6937321388027,0,6.7173571946685,0.810958904109589,0,0.00358553158424162,0.271514811897944
"185",13093,276,7,6942.07,5.62040086571715,1.94591014905531,8.84536968474188,0.753424657534247,0.0307692307692308,0.0301150729495798,0.271436320417686
"186",16073,298,1,94.35,5.6970934865054,0,4.54807059394752,0.813698630136986,0,0.000409295373396243,0.271369308503461
"187",14760,298,1,53.8,5.6970934865054,0,3.98713047791495,0.813698630136986,0,0.000233387292938186,0.271310672476641
"188",16738,298,1,3.75,5.6970934865054,0,1.34807314829969,0.813698630136986,0,1.62677016453197e-05,0.271238299279544
"189",13151,296,1,1250.37,5.69035945432406,0,7.13127475962606,0.808219178082192,0,0.00542417229500223,0.271214450125731
"190",16509,297,1,363.7,5.6937321388027,0,5.89660426608402,0.810958904109589,0,0.0015777501569074,0.270845551422165
"191",15670,297,1,173.05,5.6937321388027,0,5.15415827084843,0.810958904109589,0,0.000750700205259352,0.270569868104949
"192",14386,297,1,142.4,5.6937321388027,0,4.95934199970871,0.810958904109589,0,0.000617738857144939,0.270525547655578
"193",16148,297,1,76.32,5.6937321388027,0,4.33624444201875,0.810958904109589,0,0.000331080263885546,0.270429994791158
"194",18138,296,1,152.65,5.69035945432406,0,5.0288025980517,0.808219178082192,0,0.000662203908308813,0.269627127330167
"195",14371,296,1,100.5,5.69035945432406,0,4.61115225766564,0.808219178082192,0,0.000435974404094567,0.269551717495429
"196",13932,295,1,307.4,5.68697535633982,0,5.72847508724657,0.805479452054795,0,0.00133351772953901,0.268937656594778
"197",12852,295,1,299.75,5.68697535633982,0,5.70328234961452,0.805479452054795,0,0.00130033161818255,0.268926594557659
"198",16765,295,1,34,5.68697535633982,0,3.52929738428947,0.805479452054795,0,0.000147493828250898,0.268542315294348
"199",16997,289,3,702,5.66642668811243,1.09861228866811,6.5540758440232,0.789041095890411,0.0102564102564103,0.00304531374800384,0.267447606631608
"200",12988,293,1,535.32,5.68017260901707,0,6.28305148563697,0.8,0,0.00232224694527268,0.267440748981758
"201",13044,292,1,560.47,5.67675380226828,0,6.32895412320671,0.797260273972603,0,0.00243134899764062,0.266563874323414
"202",15303,291,1,574.02,5.67332326717149,0,6.35283843370318,0.794520547945205,0,0.00249012962625237,0.265670225857153
"203",16546,291,1,487.75,5.67332326717149,0,6.19000798155396,0.794520547945205,0,0.00211588572733458,0.265545477890847
"204",18114,291,1,220.1,5.67332326717149,0,5.39453622428858,0.794520547945205,0,0.000954805635235963,0.26515845119348
"205",16913,291,1,113.44,5.67332326717149,0,4.73215519774258,0.794520547945205,0,0.000492108819905351,0.265004218921704
"206",16349,291,1,53.5,5.67332326717149,0,3.98154906807676,0.794520547945205,0,0.000232085876806561,0.264917544607337
"207",17499,290,1,622.88,5.66988092298052,0,6.43451441554342,0.791780821917808,0,0.00270208693355646,0.264827636283788
"208",17171,290,1,224.91,5.66988092298052,0,5.41614484566124,0.791780821917808,0,0.000975671673879693,0.264252164530563
"209",18068,290,1,101.7,5.66988092298052,0,4.62301010411642,0.791780821917808,0,0.00044118006862107,0.264074000662143
"210",15397,290,1,94,5.66988092298052,0,4.54435804659133,0.791780821917808,0,0.000407777054576013,0.264062866324128
"211",16072,289,1,584.32,5.66642668811243,0,6.37061990242579,0.789041095890411,0,0.00253481158010485,0.263858635823505
"212",12945,289,1,462.95,5.66642668811243,0,6.13783503961628,0.789041095890411,0,0.00200830199378687,0.263683132628066
"213",18056,289,1,363.65,5.66642668811243,0,5.8964668184857,0.789041095890411,0,0.0015775332542188,0.26353954304821
"214",13751,289,1,296.25,5.66642668811243,0,5.69154118823385,0.789041095890411,0,0.00128514842998026,0.26344208144013
"215",15543,289,1,127.86,5.66642668811243,0,4.85171771508132,0.789041095890411,0,0.00055466355529882,0.263198586481903
"216",17117,289,1,116.2,5.66642668811243,0,4.75617305952462,0.789041095890411,0,0.000504081848316306,0.263181725912909
"217",13753,288,1,741.26,5.66296048013595,0,6.60848633727844,0.786301369863014,0,0.00321562573909591,0.26317233186737
"218",13715,282,4,781.29,5.64190707093811,1.38629436111989,6.66107438499621,0.76986301369863,0.0153846153846154,0.00338927803159248,0.262878969038279
"219",13345,288,1,377.6,5.66296048013595,0,5.93410022971841,0.786301369863014,0,0.00163804910433939,0.262646472989118
"220",17841,2,121,39066.67,0.693147180559945,4.79579054559674,10.5730275125046,0.00273972602739726,0.615384615384615,0.16947331515631,0.262532552189441
"221",15456,284,3,447.22,5.64897423816121,1.09861228866811,6.10327422215999,0.775342465753425,0.0102564102564103,0.00194006440795196,0.262512980139262
"222",13973,288,1,264.7,5.66296048013595,0,5.57897482406285,0.786301369863014,0,0.00114828283347097,0.262483217565495
"223",16598,286,1,140.7,5.65599181081985,0,4.94734044372394,0.780821917808219,0,0.000610364165732394,0.260477427324651
"224",13684,286,1,64.23,5.65599181081985,0,4.16402608542291,0.780821917808219,0,0.000278633193781036,0.260366850334
"225",14036,285,1,626.65,5.65248918026865,0,6.4405477370384,0.778082191780822,0,0.00271844139627722,0.2602668777257
"226",14779,281,3,386.15,5.63835466933375,1.09861228866811,5.95648482821196,0.767123287671233,0.0102564102564103,0.00167513946409072,0.259684945797245
"227",17165,285,1,158.68,5.65248918026865,0,5.06751959629697,0.778082191780822,0,0.000688362372554487,0.259590184717792
"228",14046,285,1,154.99,5.65248918026865,0,5.04400559357136,0.778082191780822,0,0.000672354954135493,0.259584848911652
"229",16339,285,1,109.95,5.65248918026865,0,4.70093480797247,0.778082191780822,0,0.000476969012240773,0.259519720264354
"230",16792,283,2,110.38,5.64544689764324,0.693147180559945,4.70483450910104,0.772602739726027,0.00512820512820513,0.00047883437536277,0.259403259743198
"231",13166,284,1,414.7,5.64897423816121,0,6.02779647635537,0.775342465753425,0,0.00179899089928375,0.259047152217569
"232",15257,284,1,232.15,5.64897423816121,0,5.44781437769395,0.775342465753425,0,0.00100707918318959,0.258783181645538
"233",15319,284,1,204.5,5.64897423816121,0,5.32105685351753,0.775342465753425,0,0.000887131996391433,0.258743199249939
"234",15709,284,1,133.25,5.64897423816121,0,4.89297725062802,0.775342465753425,0,0.000578045665130359,0.258640170472852
"235",16078,284,1,79.2,5.64897423816121,0,4.3732381286408,0.775342465753425,0,0.000343573858749152,0.258562013204058
"236",12873,283,1,374,5.64544689764324,0,5.9245231413541,0.772602739726027,0,0.00162243211075988,0.258075057278929
"237",17230,265,8,3466.67,5.57972982598622,2.07944154167984,8.15097860370942,0.723287671232877,0.0358974358974359,0.0150386008700748,0.258074569333462
"238",14670,281,2,411.53,5.63835466933375,0.693147180559945,6.02012488760119,0.767123287671233,0.00512820512820513,0.00178523926882624,0.258012244022755
"239",12834,283,1,312.38,5.64544689764324,0,5.74454046712837,0.772602739726027,0,0.00135512123732399,0.25798595365445
"240",17923,283,1,207.5,5.64544689764324,0,5.33561315129173,0.772602739726027,0,0.000900146157707689,0.257834295294578
"241",13497,283,1,194.55,5.64544689764324,0,5.27120307405646,0.772602739726027,0,0.000843968361359185,0.257815569362462
"242",15733,283,1,162.3,5.64544689764324,0,5.09006242772758,0.772602739726027,0,0.000704066127209436,0.257768935284412
"243",14570,281,2,218.06,5.63835466933375,0.693147180559945,5.38522873853733,0.767123287671233,0.00512820512820513,0.000945956005540909,0.257732482934993
"244",16159,282,1,348.2,5.64190707093811,0,5.85306417737196,0.76986301369863,0,0.00151051032344008,0.257124508007357
"245",15087,282,1,306.94,5.64190707093811,0,5.72697803225939,0.76986301369863,0,0.00133152222480385,0.257064845307811
"246",17789,282,1,225.9,5.64190707093811,0,5.42053499927229,0.76986301369863,0,0.000979966347114058,0.256947660015248
"247",14483,282,1,129.2,5.64190707093811,0,4.86213528577781,0.76986301369863,0,0.000560476547353414,0.256807830081994
"248",17995,282,1,76.1,5.64190707093811,0,4.3333614626926,0.76986301369863,0,0.000330125892055687,0.256731046530229
"249",13382,281,1,222.99,5.63835466933375,0,5.40757527748456,0.767123287671233,0,0.00096734261063729,0.256030210093957
"250",17535,281,1,164.4,5.63835466933375,0,5.10291057020543,0.767123287671233,0,0.000713176040130815,0.255945487903788
"251",17325,281,1,96.8,5.63835466933375,0,4.57367951889672,0.767123287671233,0,0.000419923605137852,0.255847737092124
"252",15057,276,2,1489.5,5.62040086571715,0.693147180559945,7.3062629065228,0.753424657534247,0.00512820512820513,0.00646153109352098,0.255004797918658
"253",15869,278,2,149.64,5.62762111369064,0.693147180559945,5.00890045680254,0.758904109589041,0.00512820512820513,0.000649146366454837,0.254893820361234
"254",14247,279,1,136.77,5.63121178182137,0,4.91903157022317,0.761643835616438,0,0.0005933156144081,0.254079050410282
"255",14012,278,1,328.8,5.62762111369064,0,5.79575375319501,0.758904109589041,0,0.00142635208026163,0.253443487223101
"256",15554,278,1,217.2,5.62762111369064,0,5.38127888726238,0.758904109589041,0,0.000942225279296916,0.253282111622779
"257",18280,278,1,180.6,5.62762111369064,0,5.19683819759818,0.758904109589041,0,0.000783452511238596,0.25322918736676
"258",16517,278,1,162.7,5.62762111369064,0,5.09252245356844,0.758904109589041,0,0.00070580134871827,0.25320330364592
"259",17654,278,1,117.55,5.62762111369064,0,4.76771411517337,0.758904109589041,0,0.000509938220908621,0.25313801593665
"260",16766,274,2,1145.6,5.61312810638807,0.693147180559945,7.04377108289958,0.747945205479452,0.00512820512820513,0.00496967440130086,0.252681028336319
"261",16917,277,1,391.52,5.62401750618734,0,5.97029198187518,0.756164383561644,0,0.00169843481284682,0.252620939458164
"262",15944,277,1,325.1,5.62401750618734,0,5.78444037767366,0.756164383561644,0,0.00141030128130491,0.25252489494765
"263",15234,277,1,197,5.62401750618734,0,5.28371121415867,0.756164383561644,0,0.000854596593100794,0.252339660051582
"264",14586,277,1,134.16,5.62401750618734,0,4.89977821851061,0.756164383561644,0,0.000581993294062957,0.252248792285236
"265",17639,277,1,108.5,5.62401750618734,0,4.68767140749983,0.756164383561644,0,0.00047067883427125,0.252211687465305
"266",17138,276,1,380.5,5.62040086571715,0,5.94174895486205,0.753424657534247,0,0.00165062946027844,0.251691762331508
"267",14114,274,2,386.53,5.61312810638807,0.693147180559945,5.95746816334967,0.747945205479452,0.00512820512820513,0.00167678792452411,0.251583399510727
"268",12881,276,1,298,5.62040086571715,0,5.69742900068403,0.753424657534247,0,0.0012927400240814,0.251572465852776
"269",17194,274,2,262.62,5.61312810638807,0.693147180559945,5.57108882626406,0.747945205479452,0.00512820512820513,0.00113925968162503,0.251404223429761
"270",14165,276,1,122.54,5.62040086571715,0,4.80925323456356,0.753424657534247,0,0.000531585109231326,0.251318747547826
"271",13133,274,2,109.8,5.61312810638807,0.693147180559945,4.69957086140958,0.747945205479452,0.00512820512820513,0.00047631830417496,0.251183242970611
"272",14603,275,1,660,5.61677109766657,0,6.49239133869473,0.750684931506849,0,0.00286311548957626,0.251182682332142
"273",16625,275,1,333.08,5.61677109766657,0,5.80868288448157,0.750684931506849,0,0.00144491895040615,0.250709950152418
"274",15308,275,1,302.27,5.61677109766657,0,5.7116514330349,0.750684931506849,0,0.00131126351368821,0.250665398340179
"275",14727,275,1,268.58,5.61677109766657,0,5.59352108039866,0.750684931506849,0,0.00116511448210666,0.250616681996319
"276",14350,275,1,258.7,5.61677109766657,0,5.55605556262675,0.750684931506849,0,0.00112225451083845,0.250602395339229
"277",16471,275,1,223.95,5.61677109766657,0,5.41186924123215,0.750684931506849,0,0.000971507142258491,0.250552146216369
"278",18086,275,1,101.34,5.61677109766657,0,4.61946749068892,0.750684931506849,0,0.000439618369263119,0.250374849958704
"279",16037,270,3,855.02,5.59842195899838,1.09861228866811,6.75124180996569,0.736986301369863,0.0102564102564103,0.00370912273620833,0.250317278120827
"280",13043,274,1,471.57,5.61312810638807,0,6.15627958852207,0.747945205479452,0,0.00204569601730224,0.249996967165585
"281",15049,274,1,121.17,5.61312810638807,0,4.7980194646687,0.747945205479452,0,0.00052564197556357,0.249490282485005
"282",12845,268,4,354.09,5.59098698051086,1.38629436111989,5.86983349231326,0.731506849315068,0.0153846153846154,0.00153606146015767,0.249475842053281
"283",13226,274,1,108.21,5.61312810638807,0,4.68499748584765,0.747945205479452,0,0.000469420798677345,0.24947154209271
"284",15749,236,3,21535.9,5.46383180502561,1.09861228866811,9.97748123244445,0.643835616438356,0.0102564102564103,0.0934238922302507,0.249171972975006
"285",13708,272,1,296.88,5.605802066296,0,5.69366479646792,0.742465753424657,0,0.00128788140385667,0.247917878276171
"286",13261,269,2,944.1,5.59471137960184,0.693147180559945,6.85033800811219,0.734246575342466,0.00512820512820513,0.00409555656622568,0.247823445678966
"287",16152,269,1,1829.04,5.59471137960184,0,7.51160119002135,0.734246575342466,0,0.0079344738712948,0.247393683071254
"288",14962,271,1,126.7,5.6021188208797,0,4.84261104200313,0.73972602739726,0,0.000549631412923201,0.246758552936728
"289",13707,268,2,806.41,5.59098698051086,0.693147180559945,6.69271629674444,0.731506849315068,0.00512820512820513,0.00349824994234727,0.246711101461874
"290",15047,270,1,343.62,5.59842195899838,0,5.83982737244502,0.736986301369863,0,0.00149064203716393,0.246158981135676
"291",13121,270,1,254.73,5.59842195899838,0,5.54059665617072,0.736986301369863,0,0.00110503243736328,0.246030444602409
"292",16392,270,1,221.19,5.59842195899838,0,5.39947405850777,0.736986301369863,0,0.000959534113847536,0.245981945161237
"293",17542,270,1,170.75,5.59842195899838,0,5.1407859785613,0.736986301369863,0,0.000740722681583556,0.245909008017149
"294",13716,270,1,138.28,5.59842195899838,0,4.93000352407067,0.736986301369863,0,0.000599866075603948,0.245862055815156
"295",13358,269,1,439.03,5.59471137960184,0,6.0847954968007,0.734246575342466,0,0.00190453574755859,0.245383703696675
"296",15695,267,2,409.98,5.58724865840025,0.693147180559945,6.01635226261576,0.728767123287671,0.00512820512820513,0.00177851528547951,0.245224614567119
"297",16216,268,1,914.93,5.59098698051086,0,6.81895685162329,0.731506849315068,0,0.00396901553769396,0.245158621617587
"298",16297,269,1,275.4,5.59471137960184,0,5.61858762859297,0.734246575342466,0,0.00119470000883228,0.245147091783766
"299",16716,267,2,319.8,5.58724865840025,0.693147180559945,5.76800844695547,0.728767123287671,0.00512820512820513,0.00138730959631286,0.24509421267073
"300",13299,269,1,142.5,5.59471137960184,0,4.9600435079802,0.734246575342466,0,0.000618172662522148,0.244954916001663
"301",16377,268,1,676.2,5.59098698051086,0,6.51663676458089,0.731506849315068,0,0.00293339196068405,0.244813413758584
"302",13216,268,1,333.74,5.59098698051086,0,5.8106618362833,0.731506849315068,0,0.00144778206589573,0.244318210460321
"303",16976,268,1,251.52,5.59098698051086,0,5.52792001292298,0.731506849315068,0,0.00109110728475488,0.244199318866608
"304",16256,267,1,732.63,5.58724865840025,0,6.59677728477974,0.728767123287671,0,0.00317818833504282,0.243981770540905
"305",13185,268,1,71.4,5.59098698051086,0,4.26969744969996,0.731506849315068,0,0.000309737039326887,0.243938862118132
"306",14840,268,1,62.85,5.59098698051086,0,4.14234076049036,0.731506849315068,0,0.000272646679575558,0.243926498664881
"307",14633,267,1,344.9,5.58724865840025,0,5.84354441703136,0.728767123287671,0,0.0014961947459922,0.243421106011221
"308",15019,267,1,266,5.58724865840025,0,5.58387217798364,0.728767123287671,0,0.00115392230337468,0.243307015197015
"309",17060,267,1,234.24,5.58724865840025,0,5.45677305224001,0.728767123287671,0,0.00101614571557325,0.243261089667748
"310",14059,267,1,183.6,5.58724865840025,0,5.21330399222108,0.728767123287671,0,0.000796466672554852,0.243187863320075
"311",13072,267,1,177.15,5.58724865840025,0,5.17756116541224,0.728767123287671,0,0.000768486225724902,0.243178536504465
"312",14066,267,1,152.55,5.58724865840025,0,5.02814771918089,0.728767123287671,0,0.000661770102931605,0.243142964463534
"313",14041,267,1,141.41,5.58724865840025,0,4.95237038596428,0.728767123287671,0,0.000613444183910575,0.243126855823861
"314",14155,267,1,118.75,5.58724865840025,0,4.7778621938062,0.728767123287671,0,0.000515143885435123,0.243094089057702
"315",16427,264,2,241.06,5.57594910314632,0.693147180559945,5.48546061362121,0.720547945205479,0.00512820512820513,0.00104573124229887,0.242240627191994
"316",16096,265,1,320.62,5.57972982598622,0,5.77056846833425,0.723287671232877,0,0.00139086680040597,0.241559512677761
"317",13934,264,1,922.1,5.57594910314632,0,6.82676211977261,0.720547945205479,0,0.00400011938323981,0.241516021529573
"318",15408,265,1,267.18,5.57972982598622,0,5.5882967980485,0.723287671232877,0,0.00115904120682574,0.241482237479901
"319",15703,265,1,211.5,5.57972982598622,0,5.35469769998414,0.723287671232877,0,0.00091749837279603,0.241401723201891
"320",14693,265,1,172.9,5.57972982598622,0,5.15329159449778,0.723287671232877,0,0.00075004949719354,0.241345906910023
"321",12902,265,1,138.68,5.57972982598622,0,4.9328899454714,0.723287671232877,0,0.000601601297112782,0.241296424176663
"322",15445,265,1,113.5,5.57972982598622,0,4.73268350628705,0.723287671232877,0,0.000492369103131676,0.241260013445336
"323",16402,265,1,87.8,5.57972982598622,0,4.47619980469113,0.723287671232877,0,0.000380881121189085,0.241222850784689
"324",17507,262,2,605.58,5.5683445037611,0.693147180559945,6.40635179379505,0.715068493150685,0.00512820512820513,0.00262703860329939,0.240941245627396
"325",14762,264,1,300.52,5.57594910314632,0,5.70584700870508,0.720547945205479,0,0.00130367191958706,0.240617205708356
"326",17678,264,1,298.11,5.57594910314632,0,5.69779793630894,0.720547945205479,0,0.00129321720999633,0.240613720805159
"327",14256,261,2,935.06,5.56452040732269,0.693147180559945,6.84071763764347,0.712328767123288,0.00512820512820513,0.00405634056012603,0.240504437603873
"328",16619,264,1,204.41,5.57594910314632,0,5.3206168740428,0.720547945205479,0,0.000886741571551946,0.240478228925677
"329",13262,264,1,200.29,5.57594910314632,0,5.30026546776605,0.720547945205479,0,0.000868868790010954,0.24047227133183
"330",18224,264,1,158.95,5.57594910314632,0,5.06921861819515,0.720547945205479,0,0.00068953364707295,0.240412492950851
"331",17763,264,1,15,5.57594910314632,0,2.71469474382088,0.720547945205479,0,6.50708065812787e-05,0.240204338670687
"332",16135,263,1,517.55,5.57215403217776,0,6.24929933821212,0.717808219178082,0,0.00224515972974272,0.240017792969275
"333",16721,263,1,292.47,5.57215403217776,0,5.67870395427966,0.717808219178082,0,0.00126875058672177,0.239692323254935
"334",15457,263,1,237.07,5.57215403217776,0,5.4687771835768,0.717808219178082,0,0.00102842240774825,0.239612213861944
"335",12831,263,1,215.05,5.57215403217776,0,5.37133545928461,0.717808219178082,0,0.000932898463686933,0.239580372547256
"336",15437,263,1,200.16,5.57215403217776,0,5.29961652227966,0.717808219178082,0,0.000868304843020583,0.239558841340368
"337",14632,263,1,114.56,5.57215403217776,0,4.74197122748024,0.717808219178082,0,0.000496967440130086,0.239435062206071
"338",13089,3,94,54155.26,1.09861228866811,4.54329478227,10.8996122318334,0.00547945205479452,0.476923076923077,0.234928429921257,0.239110319633043
"339",13452,260,2,590,5.56068163101553,0.693147180559945,6.38029201406312,0.70958904109589,0.00512820512820513,0.0025594517255303,0.239092232649875
"340",17486,262,1,396.87,5.5683445037611,0,5.98386071108125,0.715068493150685,0,0.00172164340052747,0.238930045517071
"341",13239,262,1,329.56,5.5683445037611,0,5.79806182030321,0.715068493150685,0,0.00142964900112841,0.238832714050604
"342",14870,262,1,327.25,5.5683445037611,0,5.7910299348871,0.715068493150685,0,0.0014196280969149,0.2388293737492
"343",18191,262,1,207.8,5.5683445037611,0,5.33705719486397,0.715068493150685,0,0.000901447573839315,0.238656646908175
"344",16250,262,1,163.3,5.5683445037611,0,5.0962011824259,0.715068493150685,0,0.000708404180981521,0.238592299110555
"345",13341,261,1,775.85,5.56452040732269,0,6.65408808511763,0.712328767123288,0,0.00336567901907234,0.238564815380787
"346",13132,262,1,77.3,5.5683445037611,0,4.34898678059568,0.715068493150685,0,0.00033533155658219,0.238467941569089
"347",17102,262,1,25.5,5.5683445037611,0,3.24259235148552,0.715068493150685,0,0.000110620371188174,0.238393037840624
"348",16022,261,1,628.28,5.56452040732269,0,6.44314507901311,0.712328767123288,0,0.00272551242392572,0.238351426515738
"349",14348,261,1,409.57,5.56452040732269,0,6.01535195756132,0.712328767123288,0,0.00177673668343296,0.238035167935574
"350",16769,261,1,380.39,5.56452040732269,0,5.94145989574745,0.712328767123288,0,0.00165015227436351,0.23799297313255
"351",16063,261,1,335.32,5.56452040732269,0,5.81538347790348,0.712328767123288,0,0.00145463619085563,0.237927801104714
"352",13512,261,1,251.21,5.56452040732269,0,5.52668723683383,0.712328767123288,0,0.00108976248808554,0.237806176537124
"353",17698,261,1,154.95,5.56452040732269,0,5.04374764554646,0.712328767123288,0,0.000672181431984609,0.237666982851757
"354",15178,261,1,40.5,5.56452040732269,0,3.70376806660769,0.712328767123288,0,0.000175691177769453,0.237501486100352
"355",16692,257,2,1276,5.54907608489522,0.693147180559945,7.15156383073993,0.701369863013699,0.00512820512820513,0.00553535661318078,0.237344474918362
"356",18071,258,2,453,5.55295958492162,0.693147180559945,6.11611285167309,0.704109589041096,0.00512820512820513,0.00196513835875462,0.237067644176019
"357",15589,256,3,456.58,5.54517744447956,1.09861228866811,6.12398292680813,0.698630136986301,0.0102564102564103,0.00198066859125868,0.236955738611323
"358",14536,260,1,171.8,5.56068163101553,0,5.1469129123888,0.70958904109589,0,0.000745277638044246,0.236778106244645
"359",13368,257,2,623.4,5.54907608489522,0.693147180559945,6.43534876512009,0.701369863013699,0.00512820512820513,0.00270434272151794,0.236400803621141
"360",15032,257,1,1693.5,5.54907608489522,0,7.43461171982065,0.701369863013699,0,0.00734649406302637,0.236238785692242
"361",16980,256,2,1078.96,5.54517744447956,0.693147180559945,6.98384557075568,0.698630136986301,0.00512820512820513,0.0046805864979291,0.236146309537479
"362",13357,258,1,609.95,5.55295958492162,0,6.41354092102134,0.704109589041096,0,0.0026459958982834,0.235585194979793
"363",14476,258,1,215.7,5.55295958492162,0,5.37435205282403,0.704109589041096,0,0.000935718198638788,0.235015102413245
"364",15424,255,2,383.34,5.54126354515843,0.693147180559945,5.94918315485138,0.695890410958904,0.00512820512820513,0.00166294953299116,0.234227188540033
"365",18010,257,1,174.8,5.54907608489522,0,5.16421438202456,0.701369863013699,0,0.000758291799360502,0.23404271827102
"366",13649,257,1,148.8,5.54907608489522,0,5.00327493968996,0.701369863013699,0,0.000645502401286285,0.234005121804995
"367",15083,257,1,88.2,5.54907608489522,0,4.48074010760991,0.701369863013699,0,0.000382616342697919,0.233917493118799
"368",17580,253,3,215.72,5.53338948872752,1.09861228866811,5.37444472693559,0.69041095890411,0.0102564102564103,0.00093580495971423,0.233867724706745
"369",13439,256,1,283.71,5.54517744447956,0,5.64830500018691,0.698630136986301,0,0.00123074923567831,0.233286962073993
"370",13803,256,1,277.07,5.54517744447956,0,5.62463103635076,0.698630136986301,0,0.00120194455863166,0.233277360514978
"371",14479,254,2,316.25,5.53733426701854,0.693147180559945,5.75684919559289,0.693150684931507,0.00512820512820513,0.00137190950542196,0.233216933188378
"372",15832,255,1,836.79,5.54126354515843,0,6.72969264010856,0.695890410958904,0,0.00363004001594322,0.233173483658282
"373",15311,1,88,58098.66,0,4.47733681447821,10.9698996000993,0,0.446153846153846,0.252035111166098,0.232729652439982
"374",15353,255,1,465.37,5.54126354515843,0,6.14304764780897,0.695890410958904,0,0.00201880008391531,0.23263640368094
"375",18108,255,1,264.65,5.54126354515843,0,5.57878598448152,0.695890410958904,0,0.00114806593078236,0.232346158963229
"376",15528,255,1,229.33,5.54126354515843,0,5.43559797208207,0.695890410958904,0,0.00099484587155231,0.232295085610152
"377",17775,255,1,56.4,5.54126354515843,0,4.0342406381524,0.695890410958904,0,0.000244666232745608,0.23204502573055
"378",17438,254,1,378.3,5.53733426701854,0,5.93595183717772,0.693150684931507,0,0.00164108574197985,0.231597256891162
"379",13060,254,1,307.53,5.53733426701854,0,5.7288977621346,0.693150684931507,0,0.00133408167652938,0.231494922202679
"380",17212,254,1,226.85,5.53733426701854,0,5.42472972890247,0.693150684931507,0,0.000984087498197539,0.231378257476568
"381",14890,254,1,125.65,5.53733426701854,0,4.83429580897985,0.693150684931507,0,0.000545076456462511,0.231231920462656
"382",15894,254,1,106.81,5.53733426701854,0,4.67198735902541,0.693150684931507,0,0.000463347523396425,0.231204677484968
"383",14957,254,1,58.49,5.53733426701854,0,4.0705640335567,0.693150684931507,0,0.000253732765129266,0.231134805898879
"384",17701,253,1,417.95,5.53338948872752,0,6.03560104259607,0.69041095890411,0,0.00181308957404303,0.230741349492718
"385",14886,253,1,364.8,5.53338948872752,0,5.8996233434424,0.69041095890411,0,0.0015825220160567,0.230664493640055
"386",13626,253,1,257.23,5.53338948872752,0,5.5503593079049,0.69041095890411,0,0.00111587757179349,0.230508945491968
"387",13462,253,1,143.25,5.53338948872752,0,4.96528919232938,0.69041095890411,0,0.000621426202851212,0.230344128368987
"388",15691,253,1,136.8,5.53338948872752,0,4.9192507322944,0.69041095890411,0,0.000593445756021262,0.230334801553377
"389",13841,253,1,85,5.53338948872752,0,4.44382703557933,0.69041095890411,0,0.000368734570627246,0.230259897824912
"390",16162,253,1,37.4,5.53338948872752,0,3.62434093297637,0.69041095890411,0,0.000162243211075988,0.230191067371729
"391",14465,247,3,1058.62,5.50938833662798,1.09861228866811,6.96481591026375,0.673972602739726,0.0102564102564103,0.00459235048420489,0.229607121160114
"392",16378,248,3,362.95,5.51342874616498,1.09861228866811,5.89454056582626,0.676712328767123,0.0102564102564103,0.00157449661657834,0.229514411880037
"393",13781,251,1,127.84,5.52545293913178,0,4.85156140402199,0.684931506849315,0,0.000554576794223378,0.228495361214513
"394",14220,248,2,632.4,5.51342874616498,0.693147180559945,6.44968022060168,0.676712328767123,0.00512820512820513,0.00274338520546671,0.228194639700265
"395",16142,250,1,535.34,5.52146091786225,0,6.28308883879239,0.682191780821918,0,0.00232233370634812,0.228171371509422
"396",18185,250,1,304.25,5.52146091786225,0,5.71817835493993,0.682191780821918,0,0.00131985286015694,0.227837211227358
"397",14747,250,1,294.3,5.52146091786225,0,5.68493938685472,0.682191780821918,0,0.00127668922512469,0.227822823349014
"398",16010,246,3,407.5,5.50533153593236,1.09861228866811,6.01028630134857,0.671232876712329,0.0102564102564103,0.00176775691212474,0.227752347960288
"399",13059,250,1,183.4,5.52146091786225,0,5.21221466749463,0.682191780821918,0,0.000795599061800435,0.227662459961239
"400",17956,250,1,12.75,5.52146091786225,0,2.55334381134123,0.682191780821918,0,5.53101855940869e-05,0.227415697002504
"401",15442,249,1,594,5.51745289646471,0,6.3870476553617,0.679452054794521,0,0.00257680394061864,0.227342952911713
"402",16586,249,1,463.95,5.51745289646471,0,6.1399923050414,0.679452054794521,0,0.00201264004755895,0.227154898280693
"403",17492,249,1,374.57,5.51745289646471,0,5.9260456385431,0.679452054794521,0,0.00162490480140997,0.227025653198644
"404",16105,249,1,336.96,5.51745289646471,0,5.82026095604787,0.679452054794521,0,0.00146175059904185,0.226971268464521
"405",13718,247,2,306.55,5.50938833662798,0.693147180559945,5.72570703207199,0.673972602739726,0.00512820512820513,0.00132983038383273,0.226810212750588
"406",15777,242,4,1021.61,5.48893772615669,1.38629436111989,6.92923297315837,0.66027397260274,0.0153846153846154,0.00443179911410001,0.226696795700485
"407",17140,248,1,465.32,5.51342874616498,0,6.14294022373084,0.676712328767123,0,0.00201858318122671,0.226243637316117
"408",17035,246,2,388.33,5.50533153593236,0.693147180559945,5.96211297339312,0.671232876712329,0.00512820512820513,0.00168459642131386,0.226015226087283
"409",13863,248,1,299.56,5.51342874616498,0,5.702648498615,0.676712328767123,0,0.00129950738796586,0.22600394538503
"410",14964,248,1,206.21,5.51342874616498,0,5.32937989199985,0.676712328767123,0,0.000894550068341699,0.225868959611822
"411",15917,248,1,123.1,5.51342874616498,0,4.81380905109942,0.676712328767123,0,0.000534014419343694,0.225748781062156
"412",17906,248,1,72.9,5.51342874616498,0,4.29045944114839,0.676712328767123,0,0.000316244119985015,0.225676190962369
"413",14669,242,3,1269.99,5.48893772615669,1.09861228866811,7.14684304308348,0.66027397260274,0.0102564102564103,0.00550928491001054,0.225346555923053
"414",14616,243,3,406.08,5.49306144334055,1.09861228866811,6.00679641110496,0.663013698630137,0.0102564102564103,0.00176159687576838,0.225010568587439
"415",13712,247,1,228.84,5.50938833662798,0,5.43345996049033,0.673972602739726,0,0.000992720225203988,0.22498844098831
"416",16144,247,1,175.2,5.50938833662798,0,5.16649879192719,0.673972602739726,0,0.000760027020869335,0.224910876586865
"417",14981,247,1,102.12,5.50938833662798,0,4.62712735334013,0.673972602739726,0,0.000443002051205346,0.224805201596977
"418",16643,246,1,487.51,5.50533153593236,0,6.18951590601044,0.671232876712329,0,0.00211484459442928,0.224449240435586
"419",15109,246,1,463.75,5.50533153593236,0,6.13956122409928,0.671232876712329,0,0.00201177243680453,0.224414883049711
"420",14619,246,1,379.51,5.50533153593236,0,5.93914440990828,0.671232876712329,0,0.00164633478704407,0.224293070499791
"421",14924,246,1,310.05,5.50533153593236,0,5.73705605141913,0.671232876712329,0,0.00134501357203503,0.224192630094788
"422",15119,246,1,266.4,5.50533153593236,0,5.5853742436059,0.671232876712329,0,0.00115565752488351,0.224129511412404
"423",16623,246,1,129.45,5.50533153593236,0,4.86406690700812,0.671232876712329,0,0.000561561060796436,0.223931479257708
"424",15775,246,1,104.9,5.50533153593236,0,4.65396035015752,0.671232876712329,0,0.000455061840691743,0.223895979517674
"425",15655,244,1,511.32,5.4971682252932,0,6.23719117042245,0.665753424657534,0,0.00221813365474263,0.222657186104092
"426",13570,244,1,239.49,5.4971682252932,0,5.47892912914327,0.665753424657534,0,0.0010389204978767,0.222264115051804
"427",13221,241,2,847.41,5.48479693349065,0.693147180559945,6.74230263859502,0.657534246575342,0.00512820512820513,0.00367611014700276,0.222112853950183
"428",18129,244,1,112.55,5.4971682252932,0,4.72428566687825,0.665753424657534,0,0.000488247952048195,0.222080557536528
"429",13508,244,1,110.97,5.4971682252932,0,4.71016063317903,0.665753424657534,0,0.0004813938270883,0.222078272828208
"430",14532,237,4,932.85,5.46806014113513,1.38629436111989,6.83835160884326,0.646575342465753,0.0153846153846154,0.00404675346128972,0.222002237103886
"431",14154,240,2,1345.62,5.48063892334199,0.693147180559945,7.20468446479058,0.654794520547945,0.00512820512820513,0.00583737191679335,0.221920032530981
"432",12982,243,1,377.2,5.49306144334055,0,5.93304062697027,0.663013698630137,0,0.00163631388283056,0.221550004170989
"433",14339,243,1,289.91,5.49306144334055,0,5.66991540514462,0.663013698630137,0,0.00125764516906523,0.221423781266401
"434",16552,243,1,284.44,5.49306144334055,0,5.65087384122302,0.663013698630137,0,0.00123391601493193,0.221415871548356
"435",14311,243,1,229.71,5.49306144334055,0,5.43725288056881,0.663013698630137,0,0.000996494331985702,0.221336730987374
"436",17574,243,1,185.65,5.49306144334055,0,5.22440168359787,0.663013698630137,0,0.000805359682787626,0.221273019437642
"437",14326,243,1,166.85,5.49306144334055,0,5.11769436638966,0.663013698630137,0,0.000723804271872424,0.22124583430067
"438",15230,240,2,429.6,5.48063892334199,0.693147180559945,6.06308729078095,0.654794520547945,0.00512820512820513,0.00186362790048782,0.220595451192213
"439",15935,240,2,416.86,5.48063892334199,0.693147180559945,6.03299029393648,0.654794520547945,0.00512820512820513,0.00180836109543146,0.220577028923861
"440",16957,240,2,416.64,5.48063892334199,0.693147180559945,6.03246252614205,0.654794520547945,0.00512820512820513,0.0018074067236016,0.220576710799917
"441",13484,242,1,313.8,5.48893772615669,0,5.74907446384791,0.66027397260274,0,0.00136128127368035,0.220545084625473
"442",17278,242,1,246.04,5.48893772615669,0,5.50590047974419,0.66027397260274,0,0.00106733475008385,0.220447102450941
"443",17362,240,2,312.23,5.48063892334199,0.693147180559945,5.74406032115477,0.654794520547945,0.00512820512820513,0.00135447052925818,0.220425732068469
"444",17972,242,1,136.04,5.48893772615669,0,4.9136837680198,0.66027397260274,0,0.000590148835154477,0.220288040479298
"445",16697,242,1,112.75,5.48893772615669,0,4.72605950326354,0.66027397260274,0,0.000489115562802612,0.220254362721847
"446",15139,240,2,178.96,5.48063892334199,0.693147180559945,5.18772094520601,0.654794520547945,0.00512820512820513,0.000776338103052376,0.220233021259734
"447",15212,242,1,88.95,5.48893772615669,0,4.48919800973567,0.66027397260274,0,0.000385869883026983,0.220219947495256
"448",14105,240,1,1260.33,5.48063892334199,0,7.13920821156749,0.654794520547945,0,0.0054673793105722,0.220087299952839
"449",15147,241,1,608.65,5.48479693349065,0,6.4114076743968,0.657534246575342,0,0.00264035642837969,0.220058201001241
"450",17990,237,3,630.84,5.46806014113513,1.09861228866811,6.44721077085691,0.646575342465753,0.0102564102564103,0.00273661784158226,0.219856123521249
"451",15246,239,2,514.15,5.47646355193151,0.693147180559945,6.24270952853307,0.652054794520548,0.00512820512820513,0.00223041034691763,0.219804469998557
"452",13740,241,1,350.75,5.48479693349065,0,5.8603587816983,0.657534246575342,0,0.0015215723605589,0.219685272978634
"453",16097,241,1,185.05,5.48479693349065,0,5.22116630735962,0.657534246575342,0,0.000802756850524375,0.219445667808622
"454",17746,241,1,98.8,5.48479693349065,0,4.59410923862867,0.657534246575342,0,0.000428599712682023,0.219320948762675
"455",17142,240,1,579,5.48063892334199,0,6.36147517423174,0.654794520547945,0,0.00251173313403736,0.219102084560661
"456",14206,240,1,308.26,5.48063892334199,0,5.73126793159106,0.654794520547945,0,0.001337248455783,0.218710589667909
"457",12878,237,2,841.64,5.46806014113513,0.693147180559945,6.73547117795874,0.646575342465753,0.00512820512820513,0.00365107957673783,0.218451542390232
"458",15135,240,1,127.15,5.48063892334199,0,4.84615365543063,0.654794520547945,0,0.000551583537120639,0.218448701361689
"459",17601,240,1,116.01,5.48063892334199,0,4.75453801763891,0.654794520547945,0,0.00050325761809961,0.218432592722015
"460",17367,239,1,168.4,5.47646355193151,0,5.12693574979242,0.652054794520548,0,0.000730528255219156,0.217595107591922
"461",13120,239,1,30.6,5.47646355193151,0,3.42426265459315,0.652054794520548,0,0.000132744445425809,0.217395846321991
"462",16217,236,2,259.39,5.46383180502561,0.693147180559945,5.55871816621795,0.643835616438356,0.00512820512820513,0.00112524776794119,0.216696356444834
"463",15235,218,10,2082.46,5.38449506278909,2.30258509299405,7.64135318515056,0.594520547945205,0.0461538461538462,0.00903382345821665,0.216569405852423
"464",14672,235,2,765.55,5.45958551414416,0.693147180559945,6.64072514626122,0.641095890410959,0.00512820512820513,0.00332099706521986,0.216515030868128
"465",17697,237,1,338.95,5.46806014113513,0,5.82614758912985,0.646575342465753,0,0.00147038332604829,0.216015241930601
"466",16193,237,1,314.45,5.46806014113513,0,5.75114304601604,0.646575342465753,0,0.00136410100863221,0.215979814491462
"467",18213,237,1,232.48,5.46806014113513,0,5.4492342518649,0.646575342465753,0,0.00100851074093438,0.215861284402229
"468",13474,237,1,229.59,5.46806014113513,0,5.43673057370166,0.646575342465753,0,0.000995973765533052,0.215857105410429
"469",14242,235,2,280.55,5.45958551414416,0.693147180559945,5.63710834138821,0.641095890410959,0.00512820512820513,0.00121704098575852,0.215813712174974
"470",17582,237,1,175.27,5.46806014113513,0,5.1668980276812,0.646575342465753,0,0.000760330684633382,0.215778557716796
"471",16947,236,1,406.48,5.46383180502561,0,6.00778071159292,0.643835616438356,0,0.00176333209727721,0.215199649511878
"472",18009,236,1,252.24,5.46383180502561,0,5.5307773844996,0.643835616438356,0,0.00109423068347078,0.214976615707276
"473",14770,233,2,876.42,5.4510384535657,0.693147180559945,6.7759595221272,0.635616438356164,0.00512820512820513,0.00380195708693095,0.2148488668571
"474",16617,236,1,151.85,5.46383180502561,0,5.0235515193628,0.643835616438356,0,0.000658733465291145,0.214831449967882
"475",17946,234,2,149.58,5.4553211153577,0.693147180559945,5.00849968196583,0.638356164383562,0.00512820512820513,0.000648886083228511,0.214711085198332
"476",15225,235,1,409.4,5.45958551414416,0,6.01493690329312,0.641095890410959,0,0.0017759992142917,0.214290629875084
"477",16163,233,2,441.6,5.4510384535657,0.693147180559945,6.09063091860248,0.635616438356164,0.00512820512820513,0.00191568454575285,0.214220109343374
"478",15717,235,1,150.3,5.45958551414416,0,5.01329841151574,0.641095890410959,0,0.000652009481944413,0.213915966630968
"479",17217,235,1,113.5,5.45958551414416,0,4.73268350628705,0.641095890410959,0,0.000492369103131676,0.213862753171364
"480",13101,235,1,101.19,5.45958551414416,0,4.61798768969871,0.641095890410959,0,0.000438967661197306,0.213844952690719
"481",13485,234,1,454.24,5.4553211153577,0,6.11884581643507,0.638356164383562,0,0.001970517545432,0.213442227309665
"482",17120,234,1,307.46,5.4553211153577,0,5.72867019016398,0.638356164383562,0,0.00133377801276533,0.213229980798776
"483",15517,234,1,267.03,5.4553211153577,0,5.58773543129287,0.638356164383562,0,0.00115839049875992,0.213171518294107
"484",14148,234,1,157.2,5.4553211153577,0,5.05815481006423,0.638356164383562,0,0.000681942052971801,0.213012702145511
"485",17548,234,1,0,5.4553211153577,0,-2.30258509299405,0.638356164383562,0,0,0.212785388127854
"486",16587,233,1,225.15,5.4510384535657,0,5.41721089648845,0.635616438356164,0,0.000976712806784994,0.212197717054316
"487",13482,233,1,184.64,5.4510384535657,0,5.21894943116446,0.635616438356164,0,0.00080097824847782,0.212139138868214
"488",17718,233,1,139.35,5.4510384535657,0,4.9377061140735,0.635616438356164,0,0.000604507793140079,0.212073648716435
"489",16698,227,2,1998,5.4249500174814,0.693147180559945,7.59995200800609,0.619178082191781,0.00512820512820513,0.00866743143662633,0.210991239585537
"490",17277,228,2,1065.35,5.42934562895444,0.693147180559945,6.97115252411193,0.621917808219178,0.00512820512820513,0.00462154558609102,0.210555852977825
"491",18183,228,2,600.52,5.42934562895444,0.693147180559945,6.3979624550281,0.621917808219178,0.00512820512820513,0.00260508805121263,0.209883700466199
"492",16834,228,1,413.46,5.42934562895444,0,6.02480260671849,0.621917808219178,0,0.00179361171260637,0.207903806643928
"493",15223,226,2,454.9,5.42053499927229,0.693147180559945,6.12029741895095,0.616438356164384,0.00512820512820513,0.00197338066092158,0.207846647317837
"494",16823,228,1,358.38,5.42934562895444,0,5.88187287047789,0.621917808219178,0,0.00155467171083991,0.207824159976673
"495",17670,228,1,205.7,5.42934562895444,0,5.32690482339995,0.621917808219178,0,0.000892337660917936,0.207603381960032
"496",17991,226,2,93.35,5.42053499927229,0.693147180559945,4.53742653390157,0.616438356164384,0.00512820512820513,0.000404957319624158,0.207323839537404
"497",15891,227,1,524.52,5.4249500174814,0,6.26267419099123,0.619178082191781,0,0.00227539596453415,0.207151159385438
"498",18220,227,1,297.78,5.4249500174814,0,5.69669072084244,0.619178082191781,0,0.00129178565225155,0.206823289281344
"499",17187,227,1,203.95,5.4249500174814,0,5.31836506185181,0.619178082191781,0,0.000884746066816786,0.206687609419533
"500",16965,227,1,201.19,5.4249500174814,0,5.30474665431294,0.619178082191781,0,0.000872773038405831,0.206683618410062
